,Unnamed: 0,post_id,post_created,post_text,user_id,followers,friends,favourites,statuses,retweets,label
0,0,637894677824413696,Sun Aug 30 07:48:37 +0000 2015,It's just over 2 years since I was diagnosed with #anxiety and #depression. Today I'm taking a moment to reflect on how far I've come since.,1013187241,84,211,251,837,0,1
1,1,637890384576778240,Sun Aug 30 07:31:33 +0000 2015,"It's Sunday, I need a break, so I'm planning to spend as little time as possible on the #A14...",1013187241,84,211,251,837,1,1
2,2,637749345908051968,Sat Aug 29 22:11:07 +0000 2015,Awake but tired. I need to sleep but my brain has other ideas...,1013187241,84,211,251,837,0,1
3,3,637696421077123073,Sat Aug 29 18:40:49 +0000 2015,RT @SewHQ: #Retro bears make perfect gifts and are great for beginners too! Get stitching with October's Sew on sale NOW! #yay http://t.co/…,1013187241,84,211,251,837,2,1
4,4,637696327485366272,Sat Aug 29 18:40:26 +0000 2015,It’s hard to say whether packing lists are making life easier or just reinforcing how much still needs doing... #movinghouse #anxiety,1013187241,84,211,251,837,1,1
5,5,637692793083817985,Sat Aug 29 18:26:24 +0000 2015,Making packing lists is my new hobby... #movinghouse,1013187241,84,211,251,837,1,1
6,6,637691649943072772,Sat Aug 29 18:21:51 +0000 2015,At what point does keeping stuff for nostalgic reasons cross the line into plain old hoarding...? #movinghouse,1013187241,84,211,251,837,1,1
7,7,637689418472652800,Sat Aug 29 18:12:59 +0000 2015,Currently in the finding-boxes-of-random-shit packing phase. I think I’m a closet hoarder...,1013187241,84,211,251,837,0,1
8,8,637687177946734592,Sat Aug 29 18:04:05 +0000 2015,"Can't be bothered to cook, take away on the way 😁👍🏼 #lazy",1013187241,84,211,251,837,0,1
9,9,637684866906255360,Sat Aug 29 17:54:54 +0000 2015,RT @itventsnews: ITV releases promo video for the final series of Downton Abbey http://t.co/mC8Ive72zR http://t.co/CFBKrRvJIs,1013187241,84,211,251,837,41,1
10,10,637684675557896193,Sat Aug 29 17:54:08 +0000 2015,"... also, I have too much stuff. Way, way too much #movinghouse",1013187241,84,211,251,837,1,1
11,11,637684322078707712,Sat Aug 29 17:52:44 +0000 2015,I never want to put one of these together again #lotharderthanitlooks http://t.co/70ujlTCKlB,1013187241,84,211,251,837,0,1
12,12,637555158440902656,Sat Aug 29 09:19:29 +0000 2015,Moving stuff is bloomin’ knackering... and there’s still loads to do... 😥,1013187241,84,211,251,837,0,1
13,13,637550791847510017,Sat Aug 29 09:02:08 +0000 2015,"Back at the house, moving stuff. It’s so peaceful here... I ❤️ 🏡 😊",1013187241,84,211,251,837,0,1
14,14,637314209559281664,Fri Aug 28 17:22:02 +0000 2015,Urgh. Anxiety. FFS where does it come from?! (Breathe...),1013187241,84,211,251,837,0,1
15,15,637310611244892160,Fri Aug 28 17:07:45 +0000 2015,"I have too much stuff. Way, way too much... Massive purge on the way.",1013187241,84,211,251,837,0,1
16,16,637224036918013953,Fri Aug 28 11:23:44 +0000 2015,Hideous traffic on the A14. Must remember to pay closer attention to the traffic reports...,1013187241,84,211,251,837,0,1
17,17,637208158553931776,Fri Aug 28 10:20:38 +0000 2015,Packing and purging. Feels good 😊👍🏼,1013187241,84,211,251,837,0,1
18,18,637181954975252480,Fri Aug 28 08:36:30 +0000 2015,In B&amp;Q looking at internal doors. Fun times 😉,1013187241,84,211,251,837,0,1
19,19,637145132949766144,Fri Aug 28 06:10:11 +0000 2015,"Time to get up. So many things to do, such a busy day ahead...",1013187241,84,211,251,837,0,1
20,20,637133358812778496,Fri Aug 28 05:23:24 +0000 2015,It's 6:20... do I get up or lie here a little longer with my cat buddy... ❓,1013187241,84,211,251,837,0,1
21,21,637132570354950145,Fri Aug 28 05:20:16 +0000 2015,There's nothing like cocktails and exhaustion to aid a good night's  sleep...,1013187241,84,211,251,837,0,1
22,22,636996790693269505,Thu Aug 27 20:20:44 +0000 2015,Great night out with my favourite ladies. Much needed after the past few days. I love them so much 💕,1013187241,84,211,251,837,0,1
23,23,636603948711956480,Wed Aug 26 18:19:43 +0000 2015,Sat down on the sofa for a quick rest... an hour ago. Need to move.,1013187241,84,211,251,837,0,1
24,24,636562582321635329,Wed Aug 26 15:35:21 +0000 2015,How much do I want pizza right now...?,1013187241,84,211,251,837,0,1
25,25,636443677511057408,Wed Aug 26 07:42:51 +0000 2015,"I will always love you.

Peter Gabriel - In Your Eyes http://t.co/foAexmvoid",1013187241,84,211,251,837,0,1
26,26,636441987101655040,Wed Aug 26 07:36:08 +0000 2015,Such a busy day ahead. I need to focus but I'm feeling on the edge of derailment right now.,1013187241,84,211,251,837,0,1
27,27,636439953547882496,Wed Aug 26 07:28:04 +0000 2015,Even now the smallest thing still makes my heart break. I doesn't feel like that ever goes away.,1013187241,84,211,251,837,0,1
28,28,636429433415581696,Wed Aug 26 06:46:15 +0000 2015,"Why is choosing a curtain pole suddenly so confusing? Too. Many. Choices. And yes, I know this isn't a 'real' problem.",1013187241,84,211,251,837,0,1
29,29,636242913916264448,Tue Aug 25 18:25:06 +0000 2015,Completed on my house. Got the keys. What a fab day! Whoop! 🏡🎉💕,1013187241,84,211,251,837,0,1
30,30,636090260187910144,Tue Aug 25 08:18:30 +0000 2015,"RT @CPHighWycombe: @CatsProtection Hi - could you retweet our long stayers, Sammy and Suki? Photographed them today...buckscats.org.uk http…",1013187241,84,211,251,837,70,1
31,31,636050135546494976,Tue Aug 25 05:39:04 +0000 2015,Big day today 🏡😁🎉,1013187241,84,211,251,837,0,1
32,32,635927041955766273,Mon Aug 24 21:29:56 +0000 2015,How lovely #PandaStory  https://t.co/GgaVEkymp7,1013187241,84,211,251,837,0,1
33,33,635883090565533696,Mon Aug 24 18:35:17 +0000 2015,RT @SewHQ: The weather outside is frightful...but our makes are so delightful! Here's a sneak peak of October issue's projects! http://t.co…,1013187241,84,211,251,837,4,1
34,34,635879517026938881,Mon Aug 24 18:21:05 +0000 2015,That's good news at least https://t.co/1S0L7ZAqjr,1013187241,84,211,251,837,0,1
35,35,635879398315556864,Mon Aug 24 18:20:37 +0000 2015,Had a headache so took a nap. For three hours! Woke up a bit confused as to time and day... 😴,1013187241,84,211,251,837,0,1
36,36,635829485284261888,Mon Aug 24 15:02:17 +0000 2015,RT @deliciousmag: On a budget? We have 21 recipes for £1.50 or less a head and they don't compromise on flavour. http://t.co/0CGzPXJLrP htt…,1013187241,84,211,251,837,16,1
37,37,635827655456198656,Mon Aug 24 14:55:00 +0000 2015,RT @RSPCA_official: RT @ncolondon: @RSPCA_official Please RT for us.... 80yr old dog owner getting very distraught over his lost dog 😓 http…,1013187241,84,211,251,837,238,1
38,38,635823998379655168,Mon Aug 24 14:40:28 +0000 2015,"RT @BBCCambs: Flying displays by vintage jets ""significantly restricted"" until further notice by CAA - limited to fly pasts.",1013187241,84,211,251,837,1,1
39,39,635718588171702272,Mon Aug 24 07:41:37 +0000 2015,"RT @craftsbeautiful: Happy #Monday, crafters! If you need a bit of a pick-me-up to get you started, check this out: http://t.co/5xa87FWND4 …",1013187241,84,211,251,837,4,1
40,40,635717273462902784,Mon Aug 24 07:36:23 +0000 2015,They don't sleep like this now 💕... #catsoftwitter http://t.co/sya7RRr2Fa http://t.co/AgJ2tx5f93,1013187241,84,211,251,837,0,1
41,41,635711239046475776,Mon Aug 24 07:12:24 +0000 2015,Truly so awful 😟 https://t.co/jI4Lw4K8co,1013187241,84,211,251,837,0,1
42,42,635710739081261056,Mon Aug 24 07:10:25 +0000 2015,I don't understand this. What does it achieve?!😕Palmyra's Baalshamin temple 'blown up by IS' http://t.co/XvuLGzu73Q,1013187241,84,211,251,837,0,1
43,43,635698503784730624,Mon Aug 24 06:21:48 +0000 2015,"RT @designtaxi: Cigarettes made out of green tea leaves, claim to help you quit smoking http://t.co/F7MVaZdBis http://t.co/HaKwgTO1fO",1013187241,84,211,251,837,34,1
44,44,635569269787500544,Sun Aug 23 21:48:16 +0000 2015,Not having to get up in the morning for two whole weeks. Bliss. 😊,1013187241,84,211,251,837,0,1
45,45,635543618380562433,Sun Aug 23 20:06:21 +0000 2015,I feel like an invisible hand is trying to remove both my eyeballs with a spoon 😖,1013187241,84,211,251,837,0,1
46,46,635542289629192192,Sun Aug 23 20:01:04 +0000 2015,RT @designtaxi: ‘Hair tapestry’ is the latest hair trend http://t.co/nEqzTNqVjJ http://t.co/WrjBKlcVvo,1013187241,84,211,251,837,12,1
47,47,635533454076215296,Sun Aug 23 19:25:57 +0000 2015,It feels like #shoreham coverage and alt media has now gone beyond news to 'ghoulish'...,1013187241,84,211,251,837,0,1
48,48,635532439201415169,Sun Aug 23 19:21:55 +0000 2015,"@ThomasEvansUKIP it's The Mail, it's entirely their MO. Mail Online is barely 'news' 😕",1013187241,84,211,251,837,0,1
49,49,635527712275308544,Sun Aug 23 19:03:08 +0000 2015,@OffensiveBanter it's so awful 😟,1013187241,84,211,251,837,0,1
50,50,635526891013828608,Sun Aug 23 18:59:52 +0000 2015,The awfulness of it continues. Heartbreaking 😟 https://t.co/wdZELWA3ah,1013187241,84,211,251,837,0,1
51,51,635489332082683904,Sun Aug 23 16:30:38 +0000 2015,Lazy afternoon snooze with my kitty cat... #lazysunday,1013187241,84,211,251,837,0,1
52,52,635480709331877889,Sun Aug 23 15:56:22 +0000 2015,The pain and heartbreak of tragedy is such a confusing emotion. I feel such sadness for my south coast friends #shoreham,1013187241,84,211,251,837,1,1
53,53,635466276417204224,Sun Aug 23 14:59:01 +0000 2015,Pouring with rain in #cambridge. That sun didn't last long... 😕,1013187241,84,211,251,837,1,1
54,54,635457669915086850,Sun Aug 23 14:24:49 +0000 2015,RT @brightonargus: Friends of @WorthingUtdFC footballers pay tribute to to their teammates - http://t.co/dtJkxu7O3J http://t.co/hDrCAJ10c9,1013187241,84,211,251,837,6,1
55,55,635437561767444480,Sun Aug 23 13:04:55 +0000 2015,I've done nothing for the last 40 minute. Enough. I need to stand up and do stuff #lazysunday,1013187241,84,211,251,837,0,1
56,56,635353558045597697,Sun Aug 23 07:31:07 +0000 2015,RT @craftsbeautiful: Comfy this Sunday morning? Our cushion blog post will only make you more snug! http://t.co/EMSga5PBF3 http://t.co/tiyZ…,1013187241,84,211,251,837,1,1
57,57,635343406479339520,Sun Aug 23 06:50:46 +0000 2015,RT @brightonargus: A27 diversion route likely to remain in place all day after Shoreham air crash - http://t.co/P7NroQNpgi http://t.co/lfLO…,1013187241,84,211,251,837,28,1
58,58,635341947071266816,Sun Aug 23 06:44:58 +0000 2015,"@JackDineen1 new media highlights the hypocrisy of humans. Tragedy is global, but many choose to ignore what's not on their doorstep x",1013187241,84,211,251,837,0,1
59,59,635187171243229185,Sat Aug 22 20:29:57 +0000 2015,I hope the pilot pulls through. There's been enough death today at #shoreham 😟 https://t.co/6whLQe3pk8,1013187241,84,211,251,837,1,1
60,60,635128780235894784,Sat Aug 22 16:37:55 +0000 2015,@Sarah_Booker @yorkshireguy I keep seeing comments that the pilot was saved. If true I find that quite incredible,1013187241,84,211,251,837,0,1
61,61,635122065058742272,Sat Aug 22 16:11:14 +0000 2015,"@Sarah_Booker @yorkshireguy urgh, awful 😢",1013187241,84,211,251,837,0,1
62,62,635121565361938432,Sat Aug 22 16:09:15 +0000 2015,"@yorkshireguy @Sarah_Booker I can't shake the image of the unsuspecting people, driving along, minding their own business. Tragically sad.",1013187241,84,211,251,837,0,1
63,63,635119579455451136,Sat Aug 22 16:01:22 +0000 2015,"@Sarah_Booker *this*. Dear god! Horrific image 😟 Awful, awful, awful 😢 https://t.co/gG0rUMNvmm",1013187241,84,211,251,837,0,1
64,64,635117890262446080,Sat Aug 22 15:54:39 +0000 2015,RT @BBCBreaking: 7 people confirmed dead after plane crashed into several vehicles on A27 during #Shoreham Airshow http://t.co/iSmQGJY1eB,1013187241,84,211,251,837,1213,1
65,65,635115683232227329,Sat Aug 22 15:45:53 +0000 2015,@Sarah_Booker BBC reporting 7 fatalities so far 😟 Just so awful,1013187241,84,211,251,837,0,1
66,66,635112732132528128,Sat Aug 22 15:34:09 +0000 2015,Toaster shopping is needlessly confusing...,1013187241,84,211,251,837,0,1
67,67,635111298687221760,Sat Aug 22 15:28:28 +0000 2015,"Finding it hard to find a 'funky' decent quality toaster at a reasonable price. All silver, boring or cheap looking... #firstworldproblems",1013187241,84,211,251,837,0,1
68,68,635109574039760896,Sat Aug 22 15:21:36 +0000 2015,RT @BBCSussex: This very sad footage has been released of the #Shoreham air crash. The content is obviously distressing. http://t.co/aG2sWz…,1013187241,84,211,251,837,69,1
69,69,635097271646978048,Sat Aug 22 14:32:43 +0000 2015,@Sarah_Booker I had the same thought 😟,1013187241,84,211,251,837,0,1
70,70,635095852600696832,Sat Aug 22 14:27:05 +0000 2015,"What an awful, awful tragedy. Let's hope the casualties are few 😟 https://t.co/fKRqw7XRHP",1013187241,84,211,251,837,0,1
71,71,634994424653709312,Sat Aug 22 07:44:03 +0000 2015,So true 💕 http://t.co/OC0WW3jUQB,1013187241,84,211,251,837,0,1
72,72,634974010309263360,Sat Aug 22 06:22:55 +0000 2015,Sofa shopping! Whoop! 🎉,1013187241,84,211,251,837,0,1
73,73,634972142795403264,Sat Aug 22 06:15:30 +0000 2015,My cat is always overjoyed to see me every morning. That kind of love is priceless 💕😊,1013187241,84,211,251,837,0,1
74,74,634965102727430144,Sat Aug 22 05:47:32 +0000 2015,@jessgrace_ beach trip 😉,1013187241,84,211,251,837,0,1
75,75,634960545607778304,Sat Aug 22 05:29:25 +0000 2015,@jessgrace_ are you going to go?,1013187241,84,211,251,837,0,1
76,76,634814583899877377,Fri Aug 21 19:49:25 +0000 2015,"It's dusk, but warm. Cool 😊💕 http://t.co/iZfy86TPbG",1013187241,84,211,251,837,0,1
77,77,634799750685040640,Fri Aug 21 18:50:29 +0000 2015,@MrBenBrown awesome motovlogs! Your commentary is great fun. Now I want a bike... 😉,1013187241,84,211,251,837,0,1
78,78,634770016227958784,Fri Aug 21 16:52:19 +0000 2015,RT @JasonLea69: #dolphins spotted heading east from #Hove keep a look out! @brightonargus,1013187241,84,211,251,837,2,1
79,79,634765257475522560,Fri Aug 21 16:33:25 +0000 2015,Just finished a service centre call that didn't make me want to cry or punch something. Good work Eon 👍🏼,1013187241,84,211,251,837,0,1
80,80,634763828862021632,Fri Aug 21 16:27:44 +0000 2015,RT @CambridgeNewsUK: Man taken to hospital after suffering arm wrestling injury on Mill Road http://t.co/4vIAhxYS6g,1013187241,84,211,251,837,3,1
81,81,634760324378443776,Fri Aug 21 16:13:49 +0000 2015,@EONhelp you too! ☀️,1013187241,84,211,251,837,0,1
82,82,634759751851745281,Fri Aug 21 16:11:32 +0000 2015,"@EONhelp hi, thx. Yes, I found it in the end and spoke with a nice, helpful young lady. All sorted. Thx.",1013187241,84,211,251,837,0,1
83,83,634759509827829760,Fri Aug 21 16:10:35 +0000 2015,"@EONhelp re my last tweet, don't worry, spoke to v helpful young lady. All sorted. Thx!",1013187241,84,211,251,837,0,1
84,84,634756947267448833,Fri Aug 21 16:00:24 +0000 2015,"@EONhelp hi, I'm trying to find a number to phone for a new account but can't find it. Please can you advise. Thx.",1013187241,84,211,251,837,0,1
85,85,634654037888118784,Fri Aug 21 09:11:28 +0000 2015,Fragile egos and umbrage taken in a blink. I need a break.,1013187241,84,211,251,837,0,1
86,86,634643282493067264,Fri Aug 21 08:28:44 +0000 2015,RT @DT_Kenilworth: Our dogs are desperate for treats!Ben and his friends would be so grateful for any donations. @DogsTrust http://t.co/QE0…,1013187241,84,211,251,837,44,1
87,87,634640362334781440,Fri Aug 21 08:17:08 +0000 2015,Two weeks off. I can't f'ing wait! I need to get away from work now.,1013187241,84,211,251,837,0,1
88,88,634628898693742592,Fri Aug 21 07:31:34 +0000 2015,RT @homemade: 15 things you didn't know you could do with Malteasers and they are all epic http://t.co/lmcWqeKIpp http://t.co/BDeyNVm5BD,1013187241,84,211,251,837,6,1
89,89,634628697161625600,Fri Aug 21 07:30:46 +0000 2015,Feeling a strange mix of excited and sad. Such a big change looming. Very liberating in so many ways but #lifeischanging,1013187241,84,211,251,837,0,1
90,90,634628135196209152,Fri Aug 21 07:28:32 +0000 2015,This is the last time I'm going to take this bus to work. Feels weird.,1013187241,84,211,251,837,0,1
91,91,634617497195540484,Fri Aug 21 06:46:16 +0000 2015,... I need to care less but don't want to have a hard heart 😕,1013187241,84,211,251,837,0,1
92,92,634617327930241024,Fri Aug 21 06:45:36 +0000 2015,I don't know why I allow myself to feel such disappointment in someone even after all this time...,1013187241,84,211,251,837,0,1
93,93,634597667482542080,Fri Aug 21 05:27:28 +0000 2015,Last day in the office for 2 weeks. Whoop! 😊,1013187241,84,211,251,837,0,1
94,94,634408642910027776,Thu Aug 20 16:56:21 +0000 2015,Horrible muggy weather #cambridge #weather,1013187241,84,211,251,837,0,1
95,95,634407239848194048,Thu Aug 20 16:50:47 +0000 2015,"Not, however, going to miss living on a road where people drive like lunatics...",1013187241,84,211,251,837,0,1
96,96,634403594733776896,Thu Aug 20 16:36:18 +0000 2015,Walking home... occurs to me that 'walking' home won't be possible soon. I will miss that...,1013187241,84,211,251,837,0,1
97,97,634349032744349696,Thu Aug 20 12:59:29 +0000 2015,Wondering if this will turn out to be Raymond... 😕 https://t.co/8La9quYnv2,1013187241,84,211,251,837,0,1
98,98,634321096213458944,Thu Aug 20 11:08:29 +0000 2015,I’ve decided that my life NEEDS a pink cuddler chair(bed) 😁💗🏡,1013187241,84,211,251,837,0,1
99,99,634304619385081856,Thu Aug 20 10:03:00 +0000 2015,I love this story  https://t.co/njKcbjQSPG,1013187241,84,211,251,837,0,1
100,100,634268862238826496,Thu Aug 20 07:40:55 +0000 2015,Good luck to all the kids getting their GCSE results today 🎓 #resultsday,1013187241,84,211,251,837,0,1
101,101,634259276270338048,Thu Aug 20 07:02:50 +0000 2015,No people &amp; no traffic... where is everyone? #quietcambridge,1013187241,84,211,251,837,0,1
102,102,634251264033955840,Thu Aug 20 06:30:59 +0000 2015,Can faffing be considered a hobby? I'm very good at that...,1013187241,84,211,251,837,0,1
103,103,634245970147057665,Thu Aug 20 06:09:57 +0000 2015,"This, absolutely this 💜 http://t.co/No4nlwFU0b",1013187241,84,211,251,837,0,1
104,104,634244897139240960,Thu Aug 20 06:05:41 +0000 2015,All I can think about right now is sofa shopping. Excited! lol 🏡🎉,1013187241,84,211,251,837,0,1
105,105,634230985228427264,Thu Aug 20 05:10:24 +0000 2015,I suppose I should get up...,1013187241,84,211,251,837,0,1
106,106,634133567627509760,Wed Aug 19 22:43:18 +0000 2015,Need to sleep but it's been an exciting day and I'm still buzzed 😁🏡,1013187241,84,211,251,837,0,1
107,107,634132850007257093,Wed Aug 19 22:40:27 +0000 2015,Mini hog earlier this evening. One of two that have moved in 💕 http://t.co/29co4uhEm0,1013187241,84,211,251,837,0,1
108,108,633526666464243712,Tue Aug 18 06:31:42 +0000 2015,"RT @designtaxi: The best times to post on Facebook, Instagram, Twitter http://t.co/Q96mJITd86 http://t.co/VtRkDF14tB",1013187241,84,211,251,837,24,1
109,109,633523125435637760,Tue Aug 18 06:17:38 +0000 2015,"Another milestone day... insurance in place, final viewing tonight, deposit prepared, exchange imminent 👍🏼 😊",1013187241,84,211,251,837,0,1
110,110,633522478434910208,Tue Aug 18 06:15:03 +0000 2015,This is so me 😁 http://t.co/l7D49IpUgk,1013187241,84,211,251,837,0,1
111,111,633519761285120000,Tue Aug 18 06:04:15 +0000 2015,"I miss you, every single day. I don't think you know that. Still, it's true 💕",1013187241,84,211,251,837,0,1
112,112,633414312011407364,Mon Aug 17 23:05:14 +0000 2015,There's either an eyelash or an elephant in my eye. Either way the net result is the same... #pain,1013187241,84,211,251,837,0,1
113,113,633372452375121920,Mon Aug 17 20:18:54 +0000 2015,"RT @Elephantopia: ELEPHANT FACT OF THE DAY: An elephant herd is considered one of the most closely knit societies of any animal,... http://…",1013187241,84,211,251,837,79,1
114,114,633332976764514304,Mon Aug 17 17:42:03 +0000 2015,"@CeliaHammond my beautiful Spopie, adopted from CHAT in 2007. Loving the ☀️ last week 💗 #blackcatappreciationday http://t.co/ccLqLmsYPr",1013187241,84,211,251,837,3,1
115,115,633311371204132864,Mon Aug 17 16:16:11 +0000 2015,@Nimmykins do you still use this account?,1013187241,84,211,251,837,0,1
116,116,633310349735948292,Mon Aug 17 16:12:08 +0000 2015,@Paulamanning6 @RSPCA_official what a beauty!,1013187241,84,211,251,837,0,1
117,117,633303580217344000,Mon Aug 17 15:45:14 +0000 2015,Interesting reading... BBC News - Better diagnosis call for adults with ADHD http://t.co/ExEOX2R8CA,1013187241,84,211,251,837,0,1
118,118,633243511027027968,Mon Aug 17 11:46:32 +0000 2015,"@RSPCA_official this is my girl, Spopie #blackcatappreciationday http://t.co/mgDEVpbQ3O",1013187241,84,211,251,837,4,1
119,119,633237525117693952,Mon Aug 17 11:22:45 +0000 2015,Cementing my status as ‘that crocheting weirdo’ in the staff cafe... 😁,1013187241,84,211,251,837,0,1
120,120,633235386769276928,Mon Aug 17 11:14:15 +0000 2015,Hear hear  https://t.co/qWjDXE8Eww,1013187241,84,211,251,837,0,1
121,121,633235276203171840,Mon Aug 17 11:13:49 +0000 2015,Never thought I'd say this but I'm glad for the distraction of work. Something to keep me productive and organised...,1013187241,84,211,251,837,0,1
122,122,633213464027267073,Mon Aug 17 09:47:09 +0000 2015,It feels autumnal out all of a sudden... 🍂🍁,1013187241,84,211,251,837,0,1
123,123,633182008970227712,Mon Aug 17 07:42:09 +0000 2015,Made Jess a cake... 🎂 http://t.co/0DIPzH62iM,1013187241,84,211,251,837,0,1
124,124,633170396888608768,Mon Aug 17 06:56:01 +0000 2015,RT @CambridgeNewsUK: Community rallies behind former soldier who was seen begging at the Beehive Centre http://t.co/n4D4rY347m http://t.co/…,1013187241,84,211,251,837,4,1
125,125,633170263396511745,Mon Aug 17 06:55:29 +0000 2015,RT @abigail_titmuss: 5yrs ago a puppy was abandoned in Ireland. @DogsTrust took him to London. I adopted him. Today he swims in California …,1013187241,84,211,251,837,47,1
126,126,633169388452085760,Mon Aug 17 06:52:00 +0000 2015,I miss you every single day. Some days it feels like being gut-punched.,1013187241,84,211,251,837,0,1
127,127,632926198348283905,Sun Aug 16 14:45:39 +0000 2015,House smells of cake... 😍🎂,1013187241,84,211,251,837,0,1
128,128,632870146709803008,Sun Aug 16 11:02:55 +0000 2015,Cotton granny square: pink and grey #crochet #grannysquare http://t.co/ZQzUv3mbEX,1013187241,84,211,251,837,0,1
129,129,632843537038614528,Sun Aug 16 09:17:11 +0000 2015,"I've had my little car a year today. Happy Birthday little car, still going strong 🎉🚘",1013187241,84,211,251,837,0,1
130,130,632646475768549377,Sat Aug 15 20:14:08 +0000 2015,A bad week calls for #comfortfood http://t.co/pamCWA4299,1013187241,84,211,251,837,0,1
131,131,632552107791515649,Sat Aug 15 13:59:09 +0000 2015,I ❤️ Ely 😊💕 #ely #cambridgeshire https://t.co/SryXXpkJlQ,1013187241,84,211,251,837,0,1
132,132,632486874595074048,Sat Aug 15 09:39:56 +0000 2015,Gorgeous day for a drive to Ely @ Ely Catherdral https://t.co/J9sd3rju7k,1013187241,84,211,251,837,0,1
133,133,632264806389706752,Fri Aug 14 18:57:31 +0000 2015,@jessgrace_ I thought you said I could have him? 😉,1013187241,84,211,251,837,0,1
134,134,631811145410723844,Thu Aug 13 12:54:50 +0000 2015,@Sarah_Booker it looks awful down there. I hope you're okay xx https://t.co/E5oaLT18Yx,1013187241,84,211,251,837,0,1
135,135,631810620288053249,Thu Aug 13 12:52:45 +0000 2015,RT @brightonargus: In pictures: Severe weather hits Sussex - http://t.co/QGXilqMxMi http://t.co/wJCxwF2vr2,1013187241,84,211,251,837,10,1
136,136,631589569172013059,Wed Aug 12 22:14:22 +0000 2015,Block 12: another traditional #granny-square #crochet #crochetblanket #afghan http://t.co/DfaZPxheqH,1013187241,84,211,251,837,0,1
137,137,631569225379876864,Wed Aug 12 20:53:31 +0000 2015,Hog time! 💕 #hedgehog http://t.co/txlXnmZwgB,1013187241,84,211,251,837,0,1
138,138,631539401554837504,Wed Aug 12 18:55:01 +0000 2015,This http://t.co/9ckfTcg4to,1013187241,84,211,251,837,0,1
139,139,631535225701593088,Wed Aug 12 18:38:25 +0000 2015,"This I know: don't crochet when tipsy, angry or sad. Too many extremes and crochet don't mix for me...",1013187241,84,211,251,837,0,1
140,140,631533943439917056,Wed Aug 12 18:33:20 +0000 2015,"Feeling emotionally drained. Time for an easy, stress free evening. Crochet and the Penguins of Madagascar 🐧",1013187241,84,211,251,837,0,1
141,141,631531032924303360,Wed Aug 12 18:21:46 +0000 2015,RT @richardbranson: Read this wonderful blog about elephant conservation in Zimbabwe: http://t.co/MByWtcAElX #WorldElephantDay http://t.co/…,1013187241,84,211,251,837,469,1
142,142,631531032924303360,Wed Aug 12 18:21:46 +0000 2015,RT @richardbranson: Read this wonderful blog about elephant conservation in Zimbabwe: http://t.co/MByWtcAElX #WorldElephantDay http://t.co/…,1013187241,84,211,251,837,469,1
143,143,631531015446622209,Wed Aug 12 18:21:42 +0000 2015,"RT @AstronautAbby: #AstroLuca2013 RT @astro_luca: Arriving in #Queensland, we’re welcomed by a riveting, colorful nature #Australia http://…",1013187241,84,211,251,837,62,1
144,144,631518690807271424,Wed Aug 12 17:32:43 +0000 2015,RT @BBCCambs: Aboard the aquatic combines 'harvesting' weeds in Cambs waterways http://t.co/oROpiSiWk2 - @dottymcl 07:50 http://t.co/9V5Afb…,1013187241,84,211,251,837,9,1
145,145,631237613937127424,Tue Aug 11 22:55:49 +0000 2015,"This, yep http://t.co/J8chAUgPTy",1013187241,84,211,251,837,0,1
146,146,631234172477153280,Tue Aug 11 22:42:09 +0000 2015,"Big hoggle, out for his supper tonight. He's a magical little beastie 💗 http://t.co/z8ECvjJG46",1013187241,84,211,251,837,0,1
147,147,631200592669577216,Tue Aug 11 20:28:43 +0000 2015,RT @RSPCA_official: Marley &amp; Zena on #DogRescuers looking fab after rescue from owner who let them to almost starve. Owning a dog is a priv…,1013187241,84,211,251,837,18,1
148,148,631199941059325952,Tue Aug 11 20:26:07 +0000 2015,RT @Protect_Wldlife: Indeed! http://t.co/wK9r6khTaj,1013187241,84,211,251,837,842,1
149,149,631188164896509952,Tue Aug 11 19:39:20 +0000 2015,Such a magical sky tonight. It changes in seconds #nofilter http://t.co/7Ms2AwwgQY,1013187241,84,211,251,837,0,1
150,150,631185760977334272,Tue Aug 11 19:29:46 +0000 2015,Beautiful sky tonight #nofilter http://t.co/C3DI8rp0bq,1013187241,84,211,251,837,0,1
151,151,631181394182565888,Tue Aug 11 19:12:25 +0000 2015,A rare Tuesday treat for dinner #comfortfood https://t.co/9LEtZ3J7NN,1013187241,84,211,251,837,0,1
152,152,631161724230610944,Tue Aug 11 17:54:16 +0000 2015,Bought today. Can't decide if this is super organised or waaay too early... http://t.co/q73bhZqJLn,1013187241,84,211,251,837,0,1
153,153,631160423799238657,Tue Aug 11 17:49:06 +0000 2015,"@lilypebbles sorry to hear this Lily. Pets are family, and it's heartbreaking when they die. Dixie had a lovely life with you x",1013187241,84,211,251,837,0,1
154,154,631127184707612672,Tue Aug 11 15:37:01 +0000 2015,Must remember this... http://t.co/Pq9N006MBF,1013187241,84,211,251,837,0,1
155,155,630638584039624704,Mon Aug 10 07:15:29 +0000 2015,Gorilla Has Amazing Reaction When Reunited With Man That Took Care Of Him For 5 Years http://t.co/wul3hxTvGR,1013187241,84,211,251,837,0,1
156,156,630512758497394688,Sun Aug 09 22:55:30 +0000 2015,RT @designtaxi: Test your eyes by playing this fast-paced color-matching game http://t.co/hFramEin83 http://t.co/qDUPDbDRNq,1013187241,84,211,251,837,23,1
157,157,630512726285156352,Sun Aug 09 22:55:22 +0000 2015,"I scored 447 points at KOLOR, a game where you have to guess colors to score high!",1013187241,84,211,251,837,0,1
158,158,630511794956693504,Sun Aug 09 22:51:40 +0000 2015,"Awake. Mind racing. Need to sleep, dammit! 😟 #insomnia",1013187241,84,211,251,837,0,1
159,159,630507417500000257,Sun Aug 09 22:34:17 +0000 2015,Square 11 done #crochet #crochetblanket http://t.co/4EHqftYzvt,1013187241,84,211,251,837,0,1
160,160,630507027375214592,Sun Aug 09 22:32:44 +0000 2015,"@the_candourist glad to see that you survived the brutality of the desert. Stay strong, be safe",1013187241,84,211,251,837,0,1
161,161,630448611252404224,Sun Aug 09 18:40:36 +0000 2015,I’ve just remembered that the new house has  range cooker. Whoop! Looking forward to road testing it 😊,1013187241,84,211,251,837,0,1
162,162,630387865445343232,Sun Aug 09 14:39:13 +0000 2015,Square 10 / lacy #crochet / pale blue DK yarn #crocheting #crochetblanket http://t.co/VRVVn6vqoH,1013187241,84,211,251,837,0,1
163,163,630368131723231232,Sun Aug 09 13:20:48 +0000 2015,9 squares made #crochet #crocheting http://t.co/mROMYKM0tA,1013187241,84,211,251,837,1,1
164,164,630325533990064128,Sun Aug 09 10:31:32 +0000 2015,RT @CambridgeNewsUK: Have you had a look around Milton Country Park? We've found some of its prettiest spots http://t.co/wnbSmqq5hs http://…,1013187241,84,211,251,837,11,1
165,165,630325417497505792,Sun Aug 09 10:31:05 +0000 2015,RT @twistedthread: Happy Sunday! #BorntoSew http://t.co/pmV7hEWAZW,1013187241,84,211,251,837,2,1
166,166,630320799640068096,Sun Aug 09 10:12:44 +0000 2015,"Deckchair in the sun, what's not to love? ☀️💕😎 #CatsOfTwitter http://t.co/VEGr1rwUag",1013187241,84,211,251,837,0,1
167,167,630128421033648128,Sat Aug 08 21:28:17 +0000 2015,Watching Pitch Perfect 2... Pat Benatar - We Belong https://t.co/WLLJ5EN5UY,1013187241,84,211,251,837,0,1
168,168,630125190861717504,Sat Aug 08 21:15:27 +0000 2015,"Natalie Imbruglia, where is she now...?",1013187241,84,211,251,837,0,1
169,169,630121186882662400,Sat Aug 08 20:59:32 +0000 2015,Two hoggles out for dinner so far tonight... #hedgehog http://t.co/ujiXe60Csl,1013187241,84,211,251,837,0,1
170,170,630000268273393664,Sat Aug 08 12:59:03 +0000 2015,RT @bhcitynews: #Brighton student chosen to exhibit alongside Hogarth and Reynolds at National Portrait Gallery http://t.co/4tiSQ7JM61,1013187241,84,211,251,837,9,1
171,171,629999965885067264,Sat Aug 08 12:57:51 +0000 2015,@Woof_ALL_4_PETS beautiful kitty!,1013187241,84,211,251,837,0,1
172,172,629999439319576576,Sat Aug 08 12:55:45 +0000 2015,@ViviannaMakeup what a lovely kitchen!,1013187241,84,211,251,837,0,1
173,173,629989028083974144,Sat Aug 08 12:14:23 +0000 2015,RT @CambridgeNewsUK: 18 fun things to do in Cambridgeshire in September http://t.co/U79AgwlxOp http://t.co/7wtocGuE9r,1013187241,84,211,251,837,0,1
174,174,629987192601976832,Sat Aug 08 12:07:05 +0000 2015,Can you see me? 😎 #WorldCatDay http://t.co/D9tBTMHLsc,1013187241,84,211,251,837,0,1
175,175,629986994429538304,Sat Aug 08 12:06:18 +0000 2015,RT @DogsTrust: These pups can't be cuddled due to a horrible skin infection. @DT_Essex provide the TLC... http://t.co/Yy1IW5RULj http://t.c…,1013187241,84,211,251,837,47,1
176,176,629985832607330304,Sat Aug 08 12:01:41 +0000 2015,"It's not your chair, it's all mine! 💗#worldcatday http://t.co/HrwdUOKSYG",1013187241,84,211,251,837,0,1
177,177,629981462654263297,Sat Aug 08 11:44:19 +0000 2015,RT @CambridgeNewsUK: The Cambridgeshire Cook Book is out now! http://t.co/wIma0jCgmm http://t.co/Goz1FfmDId,1013187241,84,211,251,837,3,1
178,178,629981298191400960,Sat Aug 08 11:43:40 +0000 2015,"RT @CambridgeNewsUK: Most A-level predicted grades are wrong, Cambridge Assessment finds http://t.co/8UiyJMJH3U",1013187241,84,211,251,837,0,1
179,179,629976648239198208,Sat Aug 08 11:25:11 +0000 2015,I might have completed on the house by this time next week. Whoop! 🎉🏡,1013187241,84,211,251,837,0,1
180,180,629973680576196608,Sat Aug 08 11:13:24 +0000 2015,@MrBenBrown just watched you &amp; Steve get your tats. Looked painless! I want now 👍🏼,1013187241,84,211,251,837,0,1
181,181,629968056496824321,Sat Aug 08 10:51:03 +0000 2015,Keeping me company while I work ❤️ #WorldCatDay @CatsProtection http://t.co/G4FLZSvK6P,1013187241,84,211,251,837,0,1
182,182,629962999806210048,Sat Aug 08 10:30:57 +0000 2015,What a happy little dog! :) : Rose plays with a balloon https://t.co/Q75cZVKHtz via @YouTube,1013187241,84,211,251,837,0,1
183,183,629756097314861057,Fri Aug 07 20:48:48 +0000 2015,4 snuffly hedgehogs out for dinner this evening ❤️,1013187241,84,211,251,837,0,1
184,184,629630906219790336,Fri Aug 07 12:31:20 +0000 2015,Poor babies :( https://t.co/SMZnjrNrrK,1013187241,84,211,251,837,0,1
185,185,629625100493529088,Fri Aug 07 12:08:16 +0000 2015,Oh no! What is wrong with people?!?!  :( https://t.co/zl9f9h6agQ,1013187241,84,211,251,837,0,1
186,186,629621238638473216,Fri Aug 07 11:52:55 +0000 2015,The estate agent is officially pissing me off now...,1013187241,84,211,251,837,0,1
187,187,629620918831185920,Fri Aug 07 11:51:39 +0000 2015,"RT @BBCCambs: Woman, 20, assaulted as she walked home in Peterborough - appeal by @CambsCops http://t.co/q5ZXbWpDOm",1013187241,84,211,251,837,2,1
188,188,629618946363293696,Fri Aug 07 11:43:49 +0000 2015,RT @richardbranson: Why big game animals are worth more alive than dead: http://t.co/RovVjkRo2Q http://t.co/k5hWnhcdzF,1013187241,84,211,251,837,459,1
189,189,629557481073680384,Fri Aug 07 07:39:34 +0000 2015,"@DonkeySanctuary a mention in The Times, fastest growing farm attraction. How lovely! Yay for the donkeys!! 💕 http://t.co/zFkMaLzZRK",1013187241,84,211,251,837,0,1
190,190,629548256989683712,Fri Aug 07 07:02:55 +0000 2015,Are the schools now out? There’s no traffic this morning. Feels really odd...,1013187241,84,211,251,837,0,1
191,191,629435195414941696,Thu Aug 06 23:33:39 +0000 2015,Square 8 complete. Trebles and bobbles! #crochet http://t.co/2cu6FpvKeW,1013187241,84,211,251,837,0,1
192,192,629367166429724672,Thu Aug 06 19:03:20 +0000 2015,RT @Protect_Wldlife: Please RT: A massive THANK YOU to the kind souls who look after the orphans of the #Rhino horn trade. #InSafeHands htt…,1013187241,84,211,251,837,1384,1
193,193,629367052424355842,Thu Aug 06 19:02:53 +0000 2015,RT @Protect_Wldlife: Scared baby #Elephant Rapa's cries saved him from drowning. http://t.co/qiEZ1AIM6x Many thanks to the @DSWT team! http…,1013187241,84,211,251,837,416,1
194,194,629334836268933120,Thu Aug 06 16:54:52 +0000 2015,"It's been a while river Cam, but you still fill me with joy 🙏🏼💕 https://t.co/SzdImZ4HBv",1013187241,84,211,251,837,0,1
195,195,629333529231495168,Thu Aug 06 16:49:40 +0000 2015,A beautiful evening for gentle walk home... https://t.co/JW4hie24Jl,1013187241,84,211,251,837,0,1
196,196,629326763466846208,Thu Aug 06 16:22:47 +0000 2015,Yaay! Grantchester! 😁👍🏼 https://t.co/YdQ4NKQyzc,1013187241,84,211,251,837,0,1
197,197,629326613054885888,Thu Aug 06 16:22:11 +0000 2015,I ❤️ bus drivers who actually wait for elderly passengers to sit before they start driving off. They aren't all so nice...,1013187241,84,211,251,837,0,1
198,198,629239054064861184,Thu Aug 06 10:34:15 +0000 2015,#RIP George... Minder star George Cole dies at 90 http://t.co/Om3Bqe3P57,1013187241,84,211,251,837,0,1
199,199,629192335004422144,Thu Aug 06 07:28:37 +0000 2015,Poffy will alway take time out from his hectic schedule of sleeping &amp; eating to give his buddy a quick wash... ❤️ http://t.co/2801UBO3on,1013187241,84,211,251,837,0,1
200,200,629036113856995328,Wed Aug 05 21:07:51 +0000 2015,Trying a new stitch. Bit uneven so  this is my test attempt 😊 #crochet https://t.co/9sEF1JpRGu,1013187241,84,211,251,837,0,1
201,201,628977545627717632,Wed Aug 05 17:15:07 +0000 2015,RT @RSPCA_official: RT @heartwiltsnews: Kittens found in car towed 87 miles from #Swindon: http://t.co/XDH7vv640A #HeartNews http://t.co/gS…,1013187241,84,211,251,837,24,1
202,202,628967940768014336,Wed Aug 05 16:36:57 +0000 2015,"How the boy in front of me, who has a beard and reeks of lager, has just got a child bus fare is a mystery 😳",1013187241,84,211,251,837,0,1
203,203,628966000839536640,Wed Aug 05 16:29:14 +0000 2015,I’m now a step closer towards contracts signed and completion on the house. Exciting times! 😎,1013187241,84,211,251,837,0,1
204,204,628882224167976960,Wed Aug 05 10:56:20 +0000 2015,Disgusting. I hope they catch the person doing it.  https://t.co/9ejubl3XC7,1013187241,84,211,251,837,0,1
205,205,628864448221028352,Wed Aug 05 09:45:42 +0000 2015,RT @twistedthread: Minions fans! This pattern's for you http://t.co/B6nCIujZi8 #sewing #felt http://t.co/D52ww2qKJb,1013187241,84,211,251,837,7,1
206,206,628864091688464384,Wed Aug 05 09:44:17 +0000 2015,"@CatsProtection one of my girls, doing what she does best, sleeping! 💗 #WhiskersWednesday http://t.co/ZuJ8Nwz48B",1013187241,84,211,251,837,4,1
207,207,628822895989530624,Wed Aug 05 07:00:36 +0000 2015,I wish the foreign language schools in Cambridge would teach students some manners too... 😤,1013187241,84,211,251,837,0,1
208,208,628811148419317760,Wed Aug 05 06:13:55 +0000 2015,"Bad night's sleep. Weird, anxiety dreams have left me feeling anything but refreshed 😕",1013187241,84,211,251,837,0,1
209,209,628616128928055297,Tue Aug 04 17:18:58 +0000 2015,@the_candourist fantastic first vlog. Very emotional. Beautifully filmed. Good luck on your epic ride 👊🏼🍀,1013187241,84,211,251,837,0,1
210,210,628609574606622720,Tue Aug 04 16:52:56 +0000 2015,Just this http://t.co/VDErR663eU,1013187241,84,211,251,837,0,1
211,211,628486122973319172,Tue Aug 04 08:42:23 +0000 2015,...and it's only Tuesday morning... http://t.co/9mxCpI5SJN,1013187241,84,211,251,837,0,1
212,212,628455376619503616,Tue Aug 04 06:40:12 +0000 2015,Random song popped into my head... Midnight Train to Georgia. No idea why or where from... http://t.co/w0bsahUYbb,1013187241,84,211,251,837,0,1
213,213,628448451118911488,Tue Aug 04 06:12:41 +0000 2015,Life may only seem perfect to the outside world #motivationalquotes http://t.co/7EaDTs8Qb4,1013187241,84,211,251,837,0,1
214,214,628312387851042816,Mon Aug 03 21:12:01 +0000 2015,"RT @rickygervais: On a serious note, I'm so incredibly proud of all of you for your unified compassion and condemnation of animals abusers.…",1013187241,84,211,251,837,995,1
215,215,628276017946361857,Mon Aug 03 18:47:30 +0000 2015,There's nothing more delicious than coming home and taking off the work clothes... 😊,1013187241,84,211,251,837,0,1
216,216,628245564266819584,Mon Aug 03 16:46:29 +0000 2015,Talking 80s TV shows this afternoon brought up mention of the talking aspidistra. Who remembers that? 😉,1013187241,84,211,251,837,0,1
217,217,628241769419964416,Mon Aug 03 16:31:24 +0000 2015,Appeal to identify suspects after homophobic assault on train back to London from Brighton Pride https://t.co/zCH0e0kVFg,1013187241,84,211,251,837,0,1
218,218,628167236482691072,Mon Aug 03 11:35:14 +0000 2015,Retro sweets Monday 😁 https://t.co/qmca1QFuhs,1013187241,84,211,251,837,0,1
219,219,628105223605764096,Mon Aug 03 07:28:49 +0000 2015,"RT @designtaxi: Makeup artist paints wonderful, whimsical scenes of adorable cats on eyelids http://t.co/HoGYWEsBYl http://t.co/5y8mTUlszW",1013187241,84,211,251,837,58,1
220,220,628102084450238464,Mon Aug 03 07:16:21 +0000 2015,RT @folksy: Feeling overwhelmed? - Craft Business Advice - Time Management Tips  - http://t.co/STADTOt2OY,1013187241,84,211,251,837,5,1
221,221,628101666475233280,Mon Aug 03 07:14:41 +0000 2015,RT @designtaxi: Know of a cat-loving friend who would love to have this patch? http://t.co/TOyxOBW1jt http://t.co/EjAX83Yl40,1013187241,84,211,251,837,0,1
222,222,628101418201841664,Mon Aug 03 07:13:42 +0000 2015,RT @craftsbeautiful: #yarnbombing has come to Coronation Street! http://t.co/MC8Xar7kUv http://t.co/XaxPcJU14d,1013187241,84,211,251,837,1,1
223,223,628100534411620352,Mon Aug 03 07:10:11 +0000 2015,"Monday, I'm coming to get ya #positiveaffirmations http://t.co/GV0tuIn8md",1013187241,84,211,251,837,0,1
224,224,627974995961102336,Sun Aug 02 22:51:20 +0000 2015,Remember this http://t.co/myLwHHyv1D,1013187241,84,211,251,837,0,1
225,225,627971596670644224,Sun Aug 02 22:37:50 +0000 2015,Pre 'Monday-anxiety' anxiety sucks 😟,1013187241,84,211,251,837,0,1
226,226,627968297418551296,Sun Aug 02 22:24:43 +0000 2015,How wonderful 😊💗 https://t.co/WVUwZfkLal,1013187241,84,211,251,837,0,1
227,227,627864123511062528,Sun Aug 02 15:30:46 +0000 2015,Holywell river front https://t.co/XjZYXOBaPt,1013187241,84,211,251,837,0,1
228,228,627839452388442112,Sun Aug 02 13:52:44 +0000 2015,Sunday lunch at the Old Ferryboat Inn... https://t.co/bB13500Cy2,1013187241,84,211,251,837,0,1
229,229,627810113869496320,Sun Aug 02 11:56:09 +0000 2015,"RIP Cilla... Cilla Black dies, aged 72 | via @Telegraph http://t.co/vXpY3OnxJS",1013187241,84,211,251,837,0,1
230,230,627569225289310208,Sat Aug 01 19:58:57 +0000 2015,The Bangles - Eternal Flame  http://t.co/WRv8vTcnJ8,1013187241,84,211,251,837,0,1
231,231,627564123052732416,Sat Aug 01 19:38:41 +0000 2015,Soooo sleepy... and it’s only 8:30 on a Saturday night! 😴,1013187241,84,211,251,837,0,1
232,232,627550191613288449,Sat Aug 01 18:43:19 +0000 2015,My first #crochet flower... http://t.co/ybbOv8iQik,1013187241,84,211,251,837,0,1
233,233,627513966894448640,Sat Aug 01 16:19:23 +0000 2015,Funny how a song can transport you to a time and place... remind you of someone... causing a physical jolt... changing the moment instantly,1013187241,84,211,251,837,0,1
234,234,627499211886592000,Sat Aug 01 15:20:45 +0000 2015,I only went in to @Hobbycraft for black buttons. Several balls of wool &amp; a needle felt kit later... http://t.co/qXCsJt0hOP,1013187241,84,211,251,837,0,1
235,235,627371354451517440,Sat Aug 01 06:52:41 +0000 2015,Mashed avocado on toast... breakfast of champions 💗 https://t.co/D22S28tSNT,1013187241,84,211,251,837,0,1
236,236,627205232699797506,Fri Jul 31 19:52:35 +0000 2015,RT @richardbranson: Why protecting endangered species is one of the most important things any of us can do: http://t.co/I0v3Kmqjy0 http://t…,1013187241,84,211,251,837,518,1
237,237,627187720775958530,Fri Jul 31 18:42:59 +0000 2015,💗 this... Tears For Fears - Head Over Heels http://t.co/wcdyqrNWCf,1013187241,84,211,251,837,0,1
238,238,627184162156507138,Fri Jul 31 18:28:51 +0000 2015,Mum is out of surgery and seems to be fine. Overnight in the hospital then home tomorrow... 😊,1013187241,84,211,251,837,0,1
239,239,627182096851804160,Fri Jul 31 18:20:39 +0000 2015,New #crochet project... making red poppies to sell for the British Legion. First flowers I’ve ever made 😊,1013187241,84,211,251,837,0,1
240,240,627161908089647105,Fri Jul 31 17:00:25 +0000 2015,What a vile sub-human... https://t.co/v8ADW40cVQ,1013187241,84,211,251,837,0,1
241,241,627153039649046528,Fri Jul 31 16:25:11 +0000 2015,Good to be home. Happy it’s finally Friday and work is over... 😊,1013187241,84,211,251,837,0,1
242,242,627122841251672064,Fri Jul 31 14:25:11 +0000 2015,"RT @RSPCA_official: Would you know what to do if your cat was poisoned? See symptoms &amp; advice on what to do, here: http://t.co/1x7QhZOZzp h…",1013187241,84,211,251,837,50,1
243,243,662996787658145792,Sat Nov 07 14:15:26 +0000 2015,Is #depression an illness? https://t.co/fDKqA7OpWA,3346224328,189,169,698,3694,0,1
244,244,662981690067914752,Sat Nov 07 13:15:27 +0000 2015,Searching for a #therapist that meets on weekends? https://t.co/I0KyqS5ccm,3346224328,189,169,698,3694,0,1
245,245,662966581736140800,Sat Nov 07 12:15:25 +0000 2015,The 1st Lady’s mental health road map? #mental #wellness https://t.co/GgGJ0N9ehX,3346224328,189,169,698,3694,0,1
246,246,662951479091798016,Sat Nov 07 11:15:24 +0000 2015,Want your #teen to practice safe #sex? #parenting https://t.co/rgooMJ9ZkN,3346224328,189,169,698,3694,0,1
247,247,662936355161395200,Sat Nov 07 10:15:18 +0000 2015,Untreated mental illness leaves 2 dead: #mentalillness https://t.co/5DbkU63byZ,3346224328,189,169,698,3694,0,1
248,248,662921230153027584,Sat Nov 07 09:15:12 +0000 2015,#Stereotypes about #teens can undermine parents? https://t.co/B4pt0UJftq,3346224328,189,169,698,3694,0,1
249,249,662906128221741060,Sat Nov 07 08:15:11 +0000 2015,What do you do when your loved one is in #crisis? https://t.co/iMsHcLlfeo,3346224328,189,169,698,3694,0,1
250,250,662891018572931072,Sat Nov 07 07:15:09 +0000 2015,#Parenting with mental illness: #mentalillness https://t.co/UZeFiuSCeN,3346224328,189,169,698,3694,0,1
251,251,662875910937444352,Sat Nov 07 06:15:07 +0000 2015,How #recovery from #addiction impacts the #family? https://t.co/7GesKMVBxI,3346224328,189,169,698,3694,0,1
252,252,662860812055420928,Sat Nov 07 05:15:07 +0000 2015,#Heroin deaths on a surge? https://t.co/BLn2Dy3wJd,3346224328,189,169,698,3694,0,1
253,253,662853363676135425,Sat Nov 07 04:45:31 +0000 2015,How not to raise a #narcissist: https://t.co/iFVP7n4lhD,3346224328,189,169,698,3694,0,1
254,254,662823166683840512,Sat Nov 07 02:45:32 +0000 2015,Top 13 #relationship deal breakers: https://t.co/G7XBNBG0a8,3346224328,189,169,698,3694,0,1
255,255,662808084906180608,Sat Nov 07 01:45:36 +0000 2015,CBT for the winter blues? https://t.co/S8qQPZffOG,3346224328,189,169,698,3694,0,1
256,256,662785465288892416,Sat Nov 07 00:15:43 +0000 2015,The Decisive #Marriage: https://t.co/4L9mJjBsj2,3346224328,189,169,698,3694,0,1
257,257,662767775132336128,Fri Nov 06 23:05:25 +0000 2015,Is mental suffering just like any other illness? #mentalillness https://t.co/mrRSFeHCJG,3346224328,189,169,698,3694,0,1
258,258,662745125840375808,Fri Nov 06 21:35:25 +0000 2015,75% of wounded veterans suffer from #PTSD? https://t.co/kja7b4hkfw,3346224328,189,169,698,3694,0,1
259,259,662677404247269376,Fri Nov 06 17:06:19 +0000 2015,"#Stressed, tired and rushed: #family https://t.co/46OCjnAljy",3346224328,189,169,698,3694,0,1
260,260,662614215618928644,Fri Nov 06 12:55:14 +0000 2015,The Client/ #Therapist #relationship: https://t.co/ZpP2xejRL5,3346224328,189,169,698,3694,0,1
261,261,662589100277555200,Fri Nov 06 11:15:26 +0000 2015,What's a #traumatic #birth? https://t.co/iSz9r9d4uR,3346224328,189,169,698,3694,0,1
262,262,662556331635814400,Fri Nov 06 09:05:13 +0000 2015,A U.S. #Therapist General? https://t.co/RR7pfW5wO0,3346224328,189,169,698,3694,0,1
263,263,662524933298388992,Fri Nov 06 07:00:27 +0000 2015,Is #addiction a crisis in the U.S.? https://t.co/idXDoONIbf,3346224328,189,169,698,3694,0,1
264,264,662499682074157056,Fri Nov 06 05:20:07 +0000 2015,How could jewelry help prevent sexual #assault? https://t.co/C4Y1ci0Voj,3346224328,189,169,698,3694,0,1
265,265,662490973222649856,Fri Nov 06 04:45:31 +0000 2015,#Gonorrhea becoming more resistant ? #STD https://t.co/3XSuj5vEO3,3346224328,189,169,698,3694,0,1
266,266,662460785780760580,Fri Nov 06 02:45:33 +0000 2015,Should parents have the #sex talk with their #children? https://t.co/8iuFQiNOWI,3346224328,189,169,698,3694,0,1
267,267,662445716338573312,Fri Nov 06 01:45:41 +0000 2015,Subtle #suicide: https://t.co/uI5SPpZjxF,3346224328,189,169,698,3694,0,1
268,268,662423081508593664,Fri Nov 06 00:15:44 +0000 2015,Does Halloween #traumatize #children? https://t.co/bBecDKmh2U,3346224328,189,169,698,3694,0,1
269,269,662405407856545792,Thu Nov 05 23:05:30 +0000 2015,#College students and #alcohol disorders: https://t.co/9zDvTemV2F,3346224328,189,169,698,3694,0,1
270,270,662382733847601153,Thu Nov 05 21:35:24 +0000 2015,More white men die from #suicide and #substance abuse: https://t.co/5DCfH8aiS1,3346224328,189,169,698,3694,0,1
271,271,662315036241620992,Thu Nov 05 17:06:24 +0000 2015,Same #sex #couples and fertility benefits: https://t.co/mDd33Zhdol,3346224328,189,169,698,3694,0,1
272,272,662251833658863616,Thu Nov 05 12:55:15 +0000 2015,March against #eating #disorders in Washington: https://t.co/7IXmAD1XaR,3346224328,189,169,698,3694,0,1
273,273,662226722285346816,Thu Nov 05 11:15:28 +0000 2015,#Anorexic woman weighed 40 pounds: https://t.co/lFS6FqgNFL,3346224328,189,169,698,3694,0,1
274,274,662193950472687616,Thu Nov 05 09:05:15 +0000 2015,Love a #women with #anxiety? https://t.co/rZXY9JGwBe,3346224328,189,169,698,3694,0,1
275,275,662162542538661889,Thu Nov 05 07:00:27 +0000 2015,#Mindfulness in the workplace: https://t.co/nIvRzSqE7W,3346224328,189,169,698,3694,1,1
276,276,662137301502443520,Thu Nov 05 05:20:09 +0000 2015,How to teach #children how to self-advocate: #parenting https://t.co/TjdzOMu5Ua,3346224328,189,169,698,3694,0,1
277,277,662128634514317313,Thu Nov 05 04:45:42 +0000 2015,How can #children inherit our #anxiety? https://t.co/ttw0BgRbqS,3346224328,189,169,698,3694,0,1
278,278,662098425551454208,Thu Nov 05 02:45:40 +0000 2015,#Children and self-esteem: https://t.co/S3Dz8UqYji,3346224328,189,169,698,3694,0,1
279,279,662083336861589505,Thu Nov 05 01:45:43 +0000 2015,What happens when you try to prevent every #suicide: https://t.co/YA5jcyIhij,3346224328,189,169,698,3694,0,1
280,280,662060687326322689,Thu Nov 05 00:15:43 +0000 2015,How to deal with mental health issues at work: #mentalhealth https://t.co/YzwzwPxXiy,3346224328,189,169,698,3694,0,1
281,281,662043023006650368,Wed Nov 04 23:05:31 +0000 2015,#Peer support and breaking the #stigma: https://t.co/avmVqvezGx,3346224328,189,169,698,3694,0,1
282,282,662020343926759424,Wed Nov 04 21:35:24 +0000 2015,"#Teens, #self-harm, #bullying, and #sexting: https://t.co/NCEKZw8t5A",3346224328,189,169,698,3694,0,1
283,283,661952654478823429,Wed Nov 04 17:06:25 +0000 2015,Limit video game time to help manage #ADHD? https://t.co/92w8iV5e6b,3346224328,189,169,698,3694,0,1
284,284,661889449031266305,Wed Nov 04 12:55:16 +0000 2015,How to stop #child #abuse? https://t.co/lFtW4lpGs2,3346224328,189,169,698,3694,0,1
285,285,661864364287373313,Wed Nov 04 11:15:35 +0000 2015,Need a weekend counseling appointment in CT? https://t.co/DRW6HNlRkY,3346224328,189,169,698,3694,0,1
286,286,661831555044765696,Wed Nov 04 09:05:13 +0000 2015,Do you know the signs of #child #neglect? https://t.co/PaLX7pYTc7,3346224328,189,169,698,3694,0,1
287,287,661800191054520320,Wed Nov 04 07:00:35 +0000 2015,#Love a person with mental illness? #mentalillness https://t.co/YN9txXMcRZ,3346224328,189,169,698,3694,0,1
288,288,661774905411813376,Wed Nov 04 05:20:07 +0000 2015,Messages to those with mental illness worldwide: #mentalillness https://t.co/zj4cyOnWoW,3346224328,189,169,698,3694,0,1
289,289,661766222510444545,Wed Nov 04 04:45:37 +0000 2015,How do you accept your #emotions? #acceptance https://t.co/ENrbFZ6qfS,3346224328,189,169,698,3694,0,1
290,290,661736021101555712,Wed Nov 04 02:45:36 +0000 2015,Need a #therapist that accepts #Husky insurance in CT? https://t.co/qa3Oxxuqah,3346224328,189,169,698,3694,0,1
291,291,661720972999966720,Wed Nov 04 01:45:48 +0000 2015,What are some side effects of #antidepressants? https://t.co/wPkchM2OsT,3346224328,189,169,698,3694,0,1
292,292,661698309837426688,Wed Nov 04 00:15:45 +0000 2015,Think your sadness may be #depression? https://t.co/N6Bo4PQLoZ,3346224328,189,169,698,3694,0,1
293,293,661680638970449920,Tue Nov 03 23:05:32 +0000 2015,Mental health and academic life: #mentalhealth https://t.co/HgTENMFT2y,3346224328,189,169,698,3694,0,1
294,294,661657954098245633,Tue Nov 03 21:35:23 +0000 2015,When it comes to #stress do women have it worse? https://t.co/FjCCS59mzn,3346224328,189,169,698,3694,0,1
295,295,661590224686997508,Tue Nov 03 17:06:15 +0000 2015,Poor #parenting and children behavior problems: https://t.co/ebDGrwjURk,3346224328,189,169,698,3694,0,1
296,296,661527051548127232,Tue Nov 03 12:55:14 +0000 2015,#Dating sites connected to STD  increase? https://t.co/8Tf90Gvl2Q,3346224328,189,169,698,3694,0,1
297,297,661501965579382784,Tue Nov 03 11:15:33 +0000 2015,Searching for a #counselor that meets on weekends? https://t.co/ORUlLlzO8D,3346224328,189,169,698,3694,0,1
298,298,661469165929283584,Tue Nov 03 09:05:13 +0000 2015,Subtle signs of #depression: https://t.co/Z5ZWJu2OoU,3346224328,189,169,698,3694,0,1
299,299,661437773245730816,Tue Nov 03 07:00:28 +0000 2015,#Men account for 76% of #suicides in 2014? https://t.co/ka1aDaKnDH,3346224328,189,169,698,3694,0,1
